Price,Close,High,Low,Open,Volume
2025-07-31,1470.0570068359375,1483.0566764606926,1452.7902136757805,1458.6450618514623,12406146
2025-08-01,1460.3319091796875,1473.7285394467383,1458.5457644921182,1469.0645758820863,4416771
2025-08-04,1451.9962158203125,1467.4768633867377,1450.1108610461113,1465.492177404952,6140054
2025-08-05,1433.3402099609375,1450.3092505192255,1429.96621963613,1441.8743352750153,14799343
2025-08-06,1432.54638671875,1442.866778550362,1430.561700640964,1431.2564134495642,7805252
2025-08-07,1429.271728515625,1436.8135113901221,1418.1574137897542,1430.0655302659995,7432535
2025-08-08,1424.9053955078125,1436.5157606227415,1421.0352334242946,1434.8288259088201,5415511
2025-08-11,1425.5999755859375,1427.3862414978396,1409.5240669213151,1416.9666396615337,8492484
2025-08-12,1422.0,1433.800048828125,1420.0999755859375,1431.0,5913947
2025-08-13,1420.800048828125,1427.699951171875,1415.199951171875,1424.5999755859375,9009465
2025-08-14,1427.300048828125,1431.0999755859375,1412.0,1412.0,7577793
2025-08-18,1434.5999755859375,1452.4000244140625,1431.0,1450.0,6908844
2025-08-19,1436.300048828125,1438.5,1426.300048828125,1431.0999755859375,6709554
2025-08-20,1430.5999755859375,1435.9000244140625,1423.0,1432.5999755859375,5817858
2025-08-21,1446.0,1447.800048828125,1436.4000244140625,1440.0999755859375,6238645
2025-08-22,1436.4000244140625,1446.0,1429.4000244140625,1444.300048828125,6657207
2025-08-25,1433.199951171875,1435.9000244140625,1424.0,1435.9000244140625,6738427
2025-08-26,1416.5999755859375,1427.9000244140625,1413.0999755859375,1427.9000244140625,8720155
2025-08-28,1399.0999755859375,1411.800048828125,1396.300048828125,1408.0,12990789
2025-08-29,1397.800048828125,1405.0,1392.0999755859375,1392.0999755859375,8519507
2025-09-01,1411.0,1412.4000244140625,1398.0999755859375,1398.0999755859375,4927348
2025-09-02,1394.199951171875,1413.9000244140625,1390.0,1413.9000244140625,7163073
2025-09-03,1397.0,1400.0,1384.199951171875,1389.0,9813382
2025-09-04,1405.5,1415.0999755859375,1401.9000244140625,1409.9000244140625,10564859
2025-09-05,1402.800048828125,1411.5,1387.699951171875,1411.0,6621077
2025-09-08,1402.699951171875,1410.5999755859375,1397.5999755859375,1402.199951171875,5880943
2025-09-09,1403.699951171875,1407.5,1395.199951171875,1399.0,6470679
2025-09-10,1403.9000244140625,1413.699951171875,1402.0999755859375,1410.0,7452347
2025-09-11,1401.5999755859375,1408.0,1396.0,1398.0,10192026
2025-09-12,1417.699951171875,1419.699951171875,1400.0999755859375,1405.0999755859375,7770038
2025-09-15,1419.4000244140625,1426.800048828125,1416.300048828125,1422.0,5845637
2025-09-16,1421.5999755859375,1424.9000244140625,1413.699951171875,1414.0,8213151
2025-09-17,1419.199951171875,1426.0999755859375,1416.4000244140625,1420.0999755859375,7484283
2025-09-18,1421.699951171875,1432.800048828125,1415.300048828125,1431.0999755859375,8130537
2025-09-19,1402.199951171875,1418.0,1400.199951171875,1416.0999755859375,13457344
2025-09-22,1401.5,1409.9000244140625,1397.199951171875,1403.9000244140625,8847948
2025-09-23,1394.300048828125,1403.300048828125,1391.0,1391.0,12827524
2025-09-24,1382.699951171875,1390.9000244140625,1376.5,1386.4000244140625,9735678
2025-09-25,1375.800048828125,1391.5,1371.800048828125,1377.0,21613389
2025-09-26,1359.5999755859375,1372.699951171875,1357.0,1368.0,18342280
2025-09-29,1348.0999755859375,1366.5,1346.199951171875,1359.5999755859375,20563163
2025-09-30,1348.0,1356.5999755859375,1342.5999755859375,1353.699951171875,20166871
2025-10-01,1372.0,1379.4000244140625,1347.0999755859375,1348.0,20952632
2025-10-03,1365.199951171875,1371.9000244140625,1361.300048828125,1371.9000244140625,12163695
2025-10-06,1363.4000244140625,1372.5999755859375,1359.0999755859375,1371.0,14314283
2025-10-07,1375.9000244140625,1383.0999755859375,1363.5999755859375,1363.5999755859375,16126464
2025-10-08,1370.300048828125,1381.5999755859375,1364.300048828125,1372.300048828125,8100832
2025-10-09,1376.199951171875,1378.699951171875,1365.0999755859375,1369.800048828125,7909575
2025-10-10,1380.300048828125,1385.0,1370.300048828125,1370.300048828125,7673816
2025-10-13,1379.4000244140625,1386.4000244140625,1373.0999755859375,1373.0999755859375,8923018
2025-10-14,1384.0999755859375,1389.0,1375.0999755859375,1389.0,10610855
2025-10-15,1398.4000244140625,1400.4000244140625,1385.5,1386.5,8988550
2025-10-16,1417.300048828125,1418.9000244140625,1399.4000244140625,1401.0,12185032
2025-10-17,1436.5999755859375,1439.5999755859375,1410.9000244140625,1412.0,17037215
2025-10-20,1390.300048828125,1445.0,1389.199951171875,1442.0,23330227
2025-10-21,1382.0,1387.5999755859375,1375.9000244140625,1384.5,3415560
2025-10-23,1363.699951171875,1389.800048828125,1360.0999755859375,1385.0,21124942
2025-10-24,1377.699951171875,1381.5999755859375,1368.0999755859375,1368.0999755859375,10570263
2025-10-27,1377.5999755859375,1386.800048828125,1374.0,1382.0999755859375,11499836
2025-10-28,1363.0999755859375,1375.800048828125,1356.199951171875,1373.0,26477914
2025-10-29,1370.4000244140625,1371.699951171875,1358.4000244140625,1364.5999755859375,16129382
2025-10-30,1362.4000244140625,1370.199951171875,1361.300048828125,1362.4000244140625,9324401
2025-10-31,1345.300048828125,1362.0,1343.300048828125,1357.0,15926798
2025-11-03,1346.4000244140625,1351.5999755859375,1337.9000244140625,1340.5,11071450
2025-11-04,1336.9000244140625,1349.800048828125,1333.199951171875,1342.5999755859375,15211183
2025-11-06,1320.4000244140625,1342.199951171875,1317.4000244140625,1330.0,24221853
2025-11-07,1343.0,1344.300048828125,1318.5999755859375,1320.4000244140625,7719245
2025-11-10,1348.0,1349.5999755859375,1341.0,1342.9000244140625,8542340
2025-11-11,1358.300048828125,1360.4000244140625,1346.199951171875,1349.0,8305184
2025-11-12,1358.9000244140625,1370.0,1355.4000244140625,1370.0,9736761
2025-11-13,1385.9000244140625,1390.4000244140625,1358.5,1358.9000244140625,18296626
2025-11-14,1373.0,1381.199951171875,1363.199951171875,1374.0,9694498
2025-11-17,1379.0,1382.5,1373.5999755859375,1375.0999755859375,7660717
2025-11-18,1373.4000244140625,1382.800048828125,1369.0999755859375,1380.199951171875,9529560
2025-11-19,1383.0999755859375,1384.0,1371.5999755859375,1373.5,10393918
2025-11-20,1383.0,1388.300048828125,1375.4000244140625,1380.0999755859375,10131863
2025-11-21,1369.5,1376.0,1364.5999755859375,1373.0,11483595
2025-11-24,1368.4000244140625,1377.0,1361.5,1373.300048828125,15896003
2025-11-25,1357.800048828125,1376.9000244140625,1354.300048828125,1365.0,12235000
2025-11-26,1375.0,1377.0,1359.9000244140625,1360.0,9659004
2025-11-27,1392.199951171875,1394.0,1375.699951171875,1379.0,15158741
2025-11-28,1388.800048828125,1398.5,1385.5999755859375,1392.0,7683986
2025-12-01,1390.0999755859375,1400.0,1385.4000244140625,1394.0,8867593
2025-12-02,1373.0,1381.800048828125,1370.5999755859375,1381.800048828125,12126396
2025-12-03,1391.5,1394.199951171875,1367.0,1367.0,7955933
2025-12-04,1386.699951171875,1391.5999755859375,1379.9000244140625,1387.0,7373909
2025-12-05,1392.5,1395.300048828125,1381.0,1381.0,4942638
2025-12-08,1389.5999755859375,1394.9000244140625,1383.300048828125,1387.0,7826227
2025-12-09,1375.199951171875,1384.300048828125,1373.4000244140625,1379.9000244140625,10492030
2025-12-10,1363.5999755859375,1379.4000244140625,1357.9000244140625,1377.9000244140625,8725381
2025-12-11,1360.0,1366.5999755859375,1352.800048828125,1363.699951171875,6734750
2025-12-12,1366.0,1370.699951171875,1363.300048828125,1368.0,3890885
2025-12-15,1365.199951171875,1370.0,1356.0999755859375,1356.0999755859375,5342530
2025-12-16,1366.0,1368.699951171875,1355.5,1364.0,12359741
2025-12-17,1352.4000244140625,1365.0,1343.0999755859375,1365.0,9440391
2025-12-18,1356.800048828125,1369.5,1345.5,1346.300048828125,7314573
2025-12-19,1354.0999755859375,1360.4000244140625,1350.800048828125,1354.0,14318512
2025-12-22,1368.5,1371.300048828125,1354.800048828125,1358.0,9375294
2025-12-23,1363.0,1365.0,1357.0,1361.0999755859375,9105467
2025-12-24,1359.800048828125,1368.199951171875,1357.5999755859375,1363.800048828125,8955140
2025-12-26,1350.4000244140625,1362.0,1348.5,1356.5,2812144
2025-12-29,1343.300048828125,1355.699951171875,1341.5,1352.0999755859375,6057201
2025-12-30,1342.5,1347.0999755859375,1338.0999755859375,1343.300048828125,18621277
2025-12-31,1342.9000244140625,1350.0,1339.5,1342.800048828125,6150634
2026-01-01,1338.0,1348.4000244140625,1336.0,1343.9000244140625,4179311
2026-01-02,1355.4000244140625,1356.9000244140625,1336.300048828125,1338.0,8226205
2026-01-05,1371.5,1375.5,1352.5999755859375,1354.199951171875,6920565
2026-01-06,1411.199951171875,1413.5999755859375,1366.0,1372.0,17260416
2026-01-07,1427.699951171875,1429.9000244140625,1404.199951171875,1408.0,15813795
2026-01-08,1435.0,1442.199951171875,1423.300048828125,1429.0,14861699
2026-01-09,1404.300048828125,1429.5,1401.5,1427.0999755859375,12555636
2026-01-12,1413.0999755859375,1424.300048828125,1391.699951171875,1399.9000244140625,10923811
2026-01-13,1437.0,1441.800048828125,1411.0999755859375,1420.0,14295581
2026-01-14,1418.4000244140625,1443.9000244140625,1414.9000244140625,1425.5999755859375,13832255
2026-01-15,1418.4000244140625,1418.4000244140625,1418.4000244140625,1418.4000244140625,0
2026-01-16,1410.800048828125,1429.0,1400.199951171875,1417.9000244140625,12530886
2026-01-19,1380.5999755859375,1400.0,1360.0,1399.9000244140625,23302883
2026-01-20,1375.800048828125,1387.800048828125,1371.5,1374.699951171875,15012785
2026-01-21,1349.0,1371.5,1339.5,1367.5,21766068
2026-01-22,1345.5,1358.0,1338.0,1355.0999755859375,17179765
2026-01-23,1343.4000244140625,1355.199951171875,1335.699951171875,1340.5,14056524
2026-01-27,1361.4000244140625,1369.0999755859375,1328.5999755859375,1340.0,25263634
2026-01-28,1367.699951171875,1380.4000244140625,1362.5999755859375,1362.5999755859375,13242696
2026-01-29,1383.5999755859375,1387.699951171875,1354.4000244140625,1359.0,23118234
2026-01-30,1355.0,1381.9000244140625,1353.199951171875,1368.199951171875,24013717
2026-02-02,1352.800048828125,1354.4000244140625,1329.0999755859375,1329.9000244140625,12800245
2026-02-03,1389.699951171875,1417.0,1373.4000244140625,1412.0,24896698
2026-02-04,1408.4000244140625,1414.0,1386.9000244140625,1387.0,11080683
2026-02-05,1396.5,1414.0,1393.199951171875,1414.0,8982761
2026-02-06,1406.0999755859375,1410.5,1394.699951171875,1396.699951171875,10851190
2026-02-09,1396.300048828125,1414.0,1388.800048828125,1413.5,7889742
2026-02-10,1406.5,1409.5,1395.5,1401.0,16497628
2026-02-11,1406.0999755859375,1413.0,1400.4000244140625,1407.4000244140625,8551341
2026-02-12,1430.0,1433.0,1405.300048828125,1406.0999755859375,19646265
2026-02-13,1414.5999755859375,1434.4000244140625,1410.699951171875,1425.300048828125,12228083
2026-02-16,1411.5999755859375,1414.0,1400.5,1404.0,5000042
2026-02-17,1407.5,1413.5999755859375,1393.5999755859375,1406.199951171875,11756187
2026-02-18,1408.199951171875,1412.300048828125,1398.9000244140625,1410.0999755859375,4758071
2026-02-19,1388.800048828125,1412.300048828125,1384.800048828125,1408.5,14323091
2026-02-20,1394.5,1403.699951171875,1384.0,1388.5,10337877
2026-02-23,1399.4000244140625,1408.300048828125,1395.300048828125,1400.0,10728445
2026-02-24,1384.800048828125,1400.9000244140625,1382.300048828125,1400.9000244140625,18274784
2026-02-25,1400.5,1407.4000244140625,1388.199951171875,1391.800048828125,16297015
2026-02-26,1404.9000244140625,1410.0,1392.0999755859375,1405.0999755859375,27288792
2026-02-27,1378.9000244140625,1402.199951171875,1376.699951171875,1400.0,15096898
2026-03-02,1374.0,1379.199951171875,1355.0,1355.0,16928683
2026-03-04,1365.4000244140625,1376.0,1326.0,1326.0,20009132
2026-03-05,1357.5999755859375,1370.800048828125,1347.5999755859375,1368.9000244140625,17590491
2026-03-06,1313.4000244140625,1357.5999755859375,1310.4000244140625,1339.0,22778852
2026-03-09,1278.4000244140625,1282.699951171875,1251.0999755859375,1272.699951171875,16116652
2026-03-10,1311.9000244140625,1315.0,1285.5999755859375,1287.5999755859375,19136143
2026-03-11,1294.5999755859375,1306.5,1290.9000244140625,1300.0,13224259
2026-03-12,1266.5,1280.5,1258.300048828125,1275.699951171875,19676187
2026-03-13,1254.800048828125,1262.300048828125,1248.699951171875,1251.9000244140625,17344394
2026-03-16,1272.9000244140625,1276.800048828125,1240.0999755859375,1255.0,22740688
2026-03-17,1288.699951171875,1294.4000244140625,1273.0,1278.9000244140625,22303102
2026-03-18,1289.300048828125,1297.0999755859375,1270.800048828125,1286.0,12961135
2026-03-19,1250.0999755859375,1285.9000244140625,1243.699951171875,1267.5999755859375,14422899
2026-03-20,1245.4000244140625,1274.0,1241.699951171875,1258.4000244140625,16421006
2026-03-23,1222.699951171875,1234.9000244140625,1218.0999755859375,1226.5999755859375,17049534
2026-03-24,1251.199951171875,1253.9000244140625,1223.699951171875,1237.0999755859375,20617782
2026-03-25,1259.699951171875,1272.9000244140625,1254.4000244140625,1258.9000244140625,17290030
2026-03-27,1233.800048828125,1260.9000244140625,1230.0999755859375,1256.0,23630905
2026-03-30,1205.9000244140625,1222.5999755859375,1200.4000244140625,1216.5,23952775
2026-04-01,1212.699951171875,1234.0,1210.0,1228.0999755859375,25472333
2026-04-02,1215.800048828125,1222.0999755859375,1187.5999755859375,1196.0,20851722
2026-04-06,1231.4000244140625,1234.4000244140625,1200.5,1213.0,10058414
2026-04-07,1245.5,1250.4000244140625,1216.5999755859375,1229.0,25600557
2026-04-08,1309.199951171875,1333.5,1292.4000244140625,1310.0,25148651
2026-04-09,1281.300048828125,1308.0,1275.9000244140625,1299.9000244140625,22923062
2026-04-10,1321.9000244140625,1324.0,1288.5,1289.0,18174755
2026-04-13,1351.0999755859375,1357.0,1296.699951171875,1304.9000244140625,30572141
2026-04-15,1348.0999755859375,1364.800048828125,1338.0,1358.0,23827473
2026-04-16,1345.5,1366.9000244140625,1340.199951171875,1352.0,24017236
2026-04-17,1346.800048828125,1352.9000244140625,1334.0,1347.0,18151993
2026-04-20,1356.199951171875,1376.4000244140625,1353.0,1364.699951171875,21551520
2026-04-21,1388.4000244140625,1393.0999755859375,1360.0,1368.0,23312455
2026-04-22,1367.5999755859375,1380.0999755859375,1365.0,1380.0,13613487
2026-04-23,1348.0,1354.0,1343.5,1348.4000244140625,20111792
2026-04-24,1326.199951171875,1348.800048828125,1324.0,1336.300048828125,14056743
2026-04-27,1314.0999755859375,1335.9000244140625,1310.9000244140625,1327.9000244140625,15385625
2026-04-28,1292.0,1317.699951171875,1286.699951171875,1314.300048828125,16774778
2026-04-29,1281.0,1296.800048828125,1276.199951171875,1294.699951171875,11716030
2026-04-30,1263.4000244140625,1272.199951171875,1259.0,1261.0,17740110
2026-05-01,1263.4000244140625,1263.4000244140625,1263.4000244140625,1263.4000244140625,0
2026-05-04,1270.800048828125,1282.199951171875,1264.300048828125,1264.300048828125,14597051
2026-05-05,1251.300048828125,1266.699951171875,1245.5,1264.0,24447935
2026-05-06,1279.5,1282.800048828125,1252.0999755859375,1262.0,22909586
2026-05-07,1279.0,1294.0,1273.199951171875,1284.699951171875,25028552
2026-05-08,1264.800048828125,1279.5999755859375,1261.199951171875,1279.5999755859375,11137424
2026-05-11,1266.4000244140625,1275.699951171875,1252.0,1259.4000244140625,18980488
2026-05-12,1240.300048828125,1259.9000244140625,1236.300048828125,1256.0,21110708
2026-05-13,1235.5999755859375,1249.199951171875,1227.199951171875,1238.300048828125,19490295
2026-05-14,1246.0,1256.699951171875,1236.0,1239.0999755859375,16535600
2026-05-15,1244.5,1258.0,1242.0,1246.5999755859375,11745614
2026-05-18,1251.0999755859375,1253.699951171875,1232.0,1235.5,13918850
2026-05-19,1240.800048828125,1256.300048828125,1229.800048828125,1251.0999755859375,38929053
2026-05-20,1237.300048828125,1239.699951171875,1223.300048828125,1230.0,14953103
2026-05-21,1242.800048828125,1248.300048828125,1234.4000244140625,1245.300048828125,14394386
2026-05-22,1264.300048828125,1270.800048828125,1242.0,1242.0,11601085
2026-05-25,1291.800048828125,1293.5,1270.9000244140625,1271.0,13853923
2026-05-26,1279.0999755859375,1301.800048828125,1276.199951171875,1290.0,18400405
2026-05-27,1272.699951171875,1293.4000244140625,1266.699951171875,1286.0,18366272
2026-05-28,1272.699951171875,1272.699951171875,1272.699951171875,1272.699951171875,0
2026-05-29,1256.4000244140625,1287.800048828125,1247.9000244140625,1275.0999755859375,31007884
2026-06-01,1239.699951171875,1261.9000244140625,1235.9000244140625,1257.0999755859375,9911975
2026-06-02,1226.5999755859375,1237.699951171875,1220.699951171875,1233.0,17920892
2026-06-03,1242.0,1248.300048828125,1213.699951171875,1219.9000244140625,13934754
2026-06-04,1251.699951171875,1262.300048828125,1232.199951171875,1232.199951171875,19461560
2026-06-05,1262.0999755859375,1265.0,1250.0,1257.0,10166393
2026-06-08,1250.199951171875,1254.0,1243.0999755859375,1246.4000244140625,10714196
2026-06-09,1275.0,1279.9000244140625,1252.699951171875,1255.0,22368579
2026-06-10,1293.300048828125,1306.0,1271.300048828125,1271.300048828125,25951584
2026-06-11,1317.0,1333.0,1286.5,1286.5,35919374
2026-06-12,1340.800048828125,1344.300048828125,1318.699951171875,1330.0,18339846
2026-06-15,1327.5999755859375,1362.699951171875,1325.300048828125,1354.5999755859375,16172921
2026-06-16,1334.300048828125,1337.300048828125,1326.300048828125,1331.9000244140625,13069159
2026-06-17,1336.800048828125,1346.0,1333.4000244140625,1342.0,8026424
2026-06-18,1342.300048828125,1346.9000244140625,1331.4000244140625,1333.5999755859375,13467985
2026-06-19,1346.5,1352.300048828125,1332.0,1340.5,9057322
2026-06-22,1352.4000244140625,1362.699951171875,1348.4000244140625,1353.0,4814845
2026-06-23,1338.300048828125,1369.0999755859375,1331.5,1358.0,11884879
2026-06-24,1373.5999755859375,1377.5999755859375,1340.5999755859375,1340.5999755859375,16440708
2026-06-25,1387.5,1404.0,1380.0999755859375,1381.9000244140625,17173209
2026-06-26,1387.5,1387.5,1387.5,1387.5,0
2026-06-29,1387.5999755859375,1402.0,1383.199951171875,1390.0,13249405
2026-06-30,1375.199951171875,1402.0,1366.0999755859375,1402.0,18398057
2026-07-01,1379.800048828125,1385.0999755859375,1367.699951171875,1371.4000244140625,11948034
2026-07-02,1400.0,1405.0,1376.800048828125,1381.9000244140625,15779429
2026-07-03,1411.4000244140625,1420.0,1405.9000244140625,1414.0,12901785
2026-07-06,1426.9000244140625,1431.5999755859375,1411.5999755859375,1412.0,12306949
2026-07-07,1414.699951171875,1433.0,1410.0,1431.5999755859375,15664178
2026-07-08,1380.5999755859375,1418.300048828125,1375.9000244140625,1410.300048828125,10573142
2026-07-09,1380.699951171875,1403.5999755859375,1377.300048828125,1382.9000244140625,13948838
2026-07-10,1401.199951171875,1408.199951171875,1389.5999755859375,1389.699951171875,6409645
2026-07-13,1409.5,1413.0,1386.300048828125,1393.5,10091437
2026-07-14,1407.699951171875,1411.800048828125,1392.0,1400.0,14133017
2026-07-15,1416.199951171875,1428.0,1409.199951171875,1412.9000244140625,12961648
2026-07-16,1418.199951171875,1423.699951171875,1406.199951171875,1420.0999755859375,10165264
2026-07-17,1444.300048828125,1455.0999755859375,1419.699951171875,1422.0999755859375,11112550
2026-07-20,1460.199951171875,1480.0,1439.5,1444.5,22236415
2026-07-21,1463.0999755859375,1473.9000244140625,1456.5999755859375,1470.0,18269907
2026-07-22,1440.699951171875,1466.4000244140625,1438.4000244140625,1466.4000244140625,8345136
2026-07-23,1434.5999755859375,1446.0,1426.5999755859375,1432.5,12409328
2026-07-24,1432.9000244140625,1440.0,1415.4000244140625,1428.0,10870914
2026-07-27,1445.699951171875,1449.0,1428.800048828125,1435.699951171875,10608300
2026-07-28,1430.800048828125,1445.9000244140625,1417.5999755859375,1442.300048828125,19486209
2026-07-29,1437.9000244140625,1448.5,1428.5,1442.5,10856166
2026-07-31,1434.800048828125,1441.9000244140625,1431.4000244140625,1434.300048828125,4910259